"","haul","string","l","n_1","n_2","q_1","q_2"
"1",1,"A",26,1,0,1,1
"2",1,"A",28,0,1,1,1
"3",1,"A",30,1,1,1,1
"4",1,"A",31,0,1,1,1
"5",1,"A",33,1,2,1,1
"6",1,"A",34,0,1,1,1
"7",1,"A",35,1,0,1,1
"8",1,"B",27,0,1,1,1
"9",1,"B",28,1,0,1,1
"10",1,"B",30,0,1,1,1
"11",1,"B",32,1,2,1,1
"12",1,"B",33,1,1,1,1
"13",1,"B",34,1,1,1,1
"14",1,"B",38,2,0,1,1
"15",1,"C",24,0,1,1,1
"16",1,"C",25,1,0,1,1
"17",1,"C",27,0,1,1,1
"18",1,"C",28,2,0,1,1
"19",1,"C",29,0,1,1,1
"20",1,"C",30,1,3,1,1
"21",1,"C",31,0,2,1,1
"22",1,"C",32,0,4,1,1
"23",1,"C",34,3,1,1,1
"24",1,"C",35,1,0,1,1
"25",1,"C",36,0,1,1,1
"26",1,"D",23,0,1,1,1
"27",1,"D",25,1,1,1,1
"28",1,"D",26,1,2,1,1
"29",1,"D",27,1,0,1,1
"30",1,"D",28,4,3,1,1
"31",1,"D",29,2,3,1,1
"32",1,"D",30,1,1,1,1
"33",1,"D",31,1,1,1,1
"34",1,"D",32,2,0,1,1
"35",1,"D",33,1,2,1,1
"36",1,"D",35,1,0,1,1
"37",1,"D",37,0,1,1,1
"38",1,"D",45,0,1,1,1
"39",2,"A",25,2,0,1,1
"40",2,"A",26,1,0,1,1
"41",2,"A",27,1,0,1,1
"42",2,"A",28,0,2,1,1
"43",2,"A",29,4,0,1,1
"44",2,"A",30,5,2,1,1
"45",2,"A",31,2,3,1,1
"46",2,"A",32,5,7,1,1
"47",2,"A",33,2,7,1,1
"48",2,"A",34,2,2,1,1
"49",2,"A",35,1,2,1,1
"50",2,"A",36,0,1,1,1
"51",2,"A",38,0,2,1,1
"52",2,"A",39,1,0,1,1
"53",2,"A",40,2,0,1,1
"54",2,"A",44,1,0,1,1
"55",2,"B",26,0,2,1,1
"56",2,"B",28,1,0,1,1
"57",2,"B",29,2,2,1,1
"58",2,"B",30,1,4,1,1
"59",2,"B",31,4,7,1,1
"60",2,"B",32,1,1,1,1
"61",2,"B",33,1,3,1,1
"62",2,"B",34,0,1,1,1
"63",2,"B",35,0,2,1,1
"64",2,"B",36,0,1,1,1
"65",2,"B",38,0,1,1,1
"66",2,"B",39,1,0,1,1
"67",2,"C",28,1,2,1,1
"68",2,"C",29,2,5,1,1
"69",2,"C",30,1,0,1,1
"70",2,"C",32,2,1,1,1
"71",2,"C",33,0,1,1,1
"72",2,"C",34,0,2,1,1
"73",2,"C",35,2,1,1,1
"74",2,"D",27,0,2,1,1
"75",2,"D",29,4,3,1,1
"76",2,"D",30,1,2,1,1
"77",2,"D",31,2,4,1,1
"78",2,"D",32,3,3,1,1
"79",2,"D",34,2,2,1,1
"80",2,"D",35,1,0,1,1
"81",2,"D",36,2,1,1,1
"82",3,"A",26,2,1,1,1
"83",3,"A",27,1,1,1,1
"84",3,"A",28,1,1,1,1
"85",3,"A",29,2,2,1,1
"86",3,"A",30,4,2,1,1
"87",3,"A",31,2,0,1,1
"88",3,"A",32,2,0,1,1
"89",3,"A",33,3,2,1,1
"90",3,"A",34,2,3,1,1
"91",3,"A",35,1,2,1,1
"92",3,"A",36,2,0,1,1
"93",3,"A",39,0,1,1,1
"94",3,"B",24,1,0,1,1
"95",3,"B",25,4,0,1,1
"96",3,"B",26,2,4,1,1
"97",3,"B",27,4,7,1,1
"98",3,"B",28,4,1,1,1
"99",3,"B",29,4,8,1,1
"100",3,"B",30,6,3,1,1
"101",3,"B",31,7,4,1,1
"102",3,"B",32,6,6,1,1
"103",3,"B",33,3,4,1,1
"104",3,"B",34,3,2,1,1
"105",3,"B",35,1,2,1,1
"106",3,"B",36,1,2,1,1
"107",3,"B",37,1,1,1,1
"108",3,"B",39,1,0,1,1
"109",3,"C",24,1,1,1,1
"110",3,"C",26,6,1,1,1
"111",3,"C",27,3,2,1,1
"112",3,"C",28,5,1,1,1
"113",3,"C",29,4,1,1,1
"114",3,"C",30,2,1,1,1
"115",3,"C",31,2,1,1,1
"116",3,"C",32,2,1,1,1
"117",3,"C",33,1,1,1,1
"118",3,"C",34,4,0,1,1
"119",3,"C",35,0,1,1,1
"120",3,"D",27,3,2,1,1
"121",3,"D",28,1,1,1,1
"122",3,"D",29,1,0,1,1
"123",3,"D",30,1,0,1,1
"124",3,"D",31,0,3,1,1
"125",3,"D",32,0,1,1,1
"126",3,"D",33,1,0,1,1
"127",3,"D",34,0,1,1,1
"128",3,"D",35,2,0,1,1
"129",4,"A",23,1,0,1,1
"130",4,"A",24,1,0,1,1
"131",4,"A",26,1,3,1,1
"132",4,"A",27,2,1,1,1
"133",4,"A",28,2,5,1,1
"134",4,"A",29,1,1,1,1
"135",4,"A",30,2,2,1,1
"136",4,"A",31,1,3,1,1
"137",4,"A",32,3,3,1,1
"138",4,"A",33,2,2,1,1
"139",4,"A",34,1,1,1,1
"140",4,"A",35,1,1,1,1
"141",4,"B",23,0,1,1,1
"142",4,"B",25,2,3,1,1
"143",4,"B",26,2,5,1,1
"144",4,"B",27,5,5,1,1
"145",4,"B",28,7,2,1,1
"146",4,"B",29,10,7,1,1
"147",4,"B",30,5,6,1,1
"148",4,"B",31,6,7,1,1
"149",4,"B",32,7,3,1,1
"150",4,"B",33,4,4,1,1
"151",4,"B",34,2,3,1,1
"152",4,"B",35,2,0,1,1
"153",4,"B",37,0,1,1,1
"154",4,"B",38,0,2,1,1
"155",4,"C",24,1,2,1,1
"156",4,"C",26,4,1,1,1
"157",4,"C",27,3,2,1,1
"158",4,"C",28,1,1,1,1
"159",4,"C",29,5,1,1,1
"160",4,"C",30,1,1,1,1
"161",4,"C",31,2,5,1,1
"162",4,"C",32,1,1,1,1
"163",4,"C",33,1,2,1,1
"164",4,"C",34,2,0,1,1
"165",4,"C",36,0,2,1,1
"166",4,"C",37,0,1,1,1
"167",4,"C",39,0,1,1,1
"168",4,"D",22,0,1,1,1
"169",4,"D",24,0,1,1,1
"170",4,"D",25,1,0,1,1
"171",4,"D",26,1,0,1,1
"172",4,"D",27,3,0,1,1
"173",4,"D",28,3,1,1,1
"174",4,"D",29,1,3,1,1
"175",4,"D",30,2,0,1,1
"176",4,"D",31,0,2,1,1
"177",4,"D",34,0,1,1,1
"178",4,"D",35,0,1,1,1
"179",5,"A",25,1,0,1,1
"180",5,"A",27,0,2,1,1
"181",5,"A",28,0,1,1,1
"182",5,"A",29,0,1,1,1
"183",5,"A",30,2,0,1,1
"184",5,"A",31,1,2,1,1
"185",5,"A",33,0,1,1,1
"186",5,"A",34,0,1,1,1
"187",5,"A",40,1,0,1,1
"188",5,"A",41,0,1,1,1
"189",5,"B",19,1,0,1,1
"190",5,"B",23,2,0,1,1
"191",5,"B",24,1,0,1,1
"192",5,"B",25,3,3,1,1
"193",5,"B",26,2,2,1,1
"194",5,"B",27,8,6,1,1
"195",5,"B",28,11,4,1,1
"196",5,"B",29,11,3,1,1
"197",5,"B",30,8,5,1,1
"198",5,"B",31,4,4,1,1
"199",5,"B",32,9,3,1,1
"200",5,"B",33,7,7,1,1
"201",5,"B",34,4,4,1,1
"202",5,"B",35,9,0,1,1
"203",5,"B",36,5,2,1,1
"204",5,"B",37,1,3,1,1
"205",5,"B",38,2,2,1,1
"206",5,"B",39,1,2,1,1
"207",5,"B",40,1,1,1,1
"208",5,"C",23,0,1,1,1
"209",5,"C",24,2,2,1,1
"210",5,"C",25,6,7,1,1
"211",5,"C",26,14,5,1,1
"212",5,"C",27,15,18,1,1
"213",5,"C",28,11,18,1,1
"214",5,"C",29,16,15,1,1
"215",5,"C",30,12,15,1,1
"216",5,"C",31,12,5,1,1
"217",5,"C",32,7,4,1,1
"218",5,"C",33,10,7,1,1
"219",5,"C",34,9,8,1,1
"220",5,"C",35,4,3,1,1
"221",5,"C",36,0,3,1,1
"222",5,"C",37,2,1,1,1
"223",5,"C",38,3,1,1,1
"224",5,"C",40,0,1,1,1
"225",5,"C",41,1,1,1,1
"226",5,"D",23,0,1,1,1
"227",5,"D",24,2,1,1,1
"228",5,"D",25,0,1,1,1
"229",5,"D",26,2,2,1,1
"230",5,"D",27,7,6,1,1
"231",5,"D",28,12,10,1,1
"232",5,"D",29,10,11,1,1
"233",5,"D",30,17,7,1,1
"234",5,"D",31,14,6,1,1
"235",5,"D",32,7,6,1,1
"236",5,"D",33,11,5,1,1
"237",5,"D",34,8,6,1,1
"238",5,"D",35,3,1,1,1
"239",5,"D",36,7,2,1,1
"240",5,"D",37,4,5,1,1
"241",5,"D",38,3,1,1,1
"242",5,"D",39,0,1,1,1
"243",5,"D",40,2,0,1,1
"244",5,"D",42,1,0,1,1
"245",6,"B",24,0,1,1,1
"246",6,"B",25,2,4,1,1
"247",6,"B",26,7,3,1,1
"248",6,"B",27,14,15,1,1
"249",6,"B",28,20,19,1,1
"250",6,"B",29,40,23,1,1
"251",6,"B",30,46,31,1,1
"252",6,"B",31,38,25,1,1
"253",6,"B",32,29,26,1,1
"254",6,"B",33,18,23,1,1
"255",6,"B",34,21,16,1,1
"256",6,"B",35,11,14,1,1
"257",6,"B",36,12,6,1,1
"258",6,"B",37,5,2,1,1
"259",6,"B",38,1,4,1,1
"260",6,"B",39,1,1,1,1
"261",6,"B",40,0,1,1,1
"262",6,"B",41,0,1,1,1
"263",6,"B",42,1,1,1,1
"264",6,"C",24,0,1,1,1
"265",6,"C",25,1,2,1,1
"266",6,"C",26,2,4,1,1
"267",6,"C",27,5,6,1,1
"268",6,"C",28,10,8,1,1
"269",6,"C",29,12,14,1,1
"270",6,"C",30,8,15,1,1
"271",6,"C",31,13,14,1,1
"272",6,"C",32,12,12,1,1
"273",6,"C",33,9,10,1,1
"274",6,"C",34,18,8,1,1
"275",6,"C",35,7,7,1,1
"276",6,"C",36,6,2,1,1
"277",6,"C",37,4,4,1,1
"278",6,"C",38,1,1,1,1
"279",6,"C",39,1,0,1,1
"280",6,"C",40,1,1,1,1
"281",6,"C",43,0,1,1,1
"282",6,"C",45,1,1,1,1
"283",6,"D",22,2,0,1,1
"284",6,"D",24,1,3,1,1
"285",6,"D",25,5,3,1,1
"286",6,"D",26,10,7,1,1
"287",6,"D",27,25,20,1,1
"288",6,"D",28,51,53,1,1
"289",6,"D",29,78,92,1,1
"290",6,"D",30,74,80,1,1
"291",6,"D",31,81,52,1,1
"292",6,"D",32,46,54,1,1
"293",6,"D",33,55,43,1,1
"294",6,"D",34,35,27,1,1
"295",6,"D",35,26,17,1,1
"296",6,"D",36,9,7,1,1
"297",6,"D",37,6,7,1,1
"298",6,"D",38,1,6,1,1
"299",6,"D",39,2,1,1,1
"300",6,"D",40,1,1,1,1
"301",6,"D",41,1,1,1,1
"302",7,"A",25,2,3,1,1
"303",7,"A",26,8,8,1,1
"304",7,"A",27,17,14,1,1
"305",7,"A",28,38,34,1,1
"306",7,"A",29,50,44,1,1
"307",7,"A",30,55,47,1,1
"308",7,"A",31,41,37,1,1
"309",7,"A",32,30,43,1,1
"310",7,"A",33,24,28,1,1
"311",7,"A",34,19,17,1,1
"312",7,"A",35,17,10,1,1
"313",7,"A",36,4,8,1,1
"314",7,"A",37,1,2,1,1
"315",7,"A",38,3,1,1,1
"316",7,"A",40,1,0,1,1
"317",7,"B",25,0,1,1,1
"318",7,"B",26,2,2,1,1
"319",7,"B",27,10,13,1,1
"320",7,"B",28,18,25,1,1
"321",7,"B",29,28,35,1,1
"322",7,"B",30,20,35,1,1
"323",7,"B",31,27,24,1,1
"324",7,"B",32,20,10,1,1
"325",7,"B",33,13,15,1,1
"326",7,"B",34,14,7,1,1
"327",7,"B",35,12,4,1,1
"328",7,"B",36,13,6,1,1
"329",7,"B",37,4,2,1,1
"330",7,"B",38,1,2,1,1
"331",7,"B",39,4,2,1,1
"332",7,"B",40,2,2,1,1
"333",7,"B",41,2,0,1,1
"334",7,"B",44,1,0,1,1
"335",7,"C",24,0,1,1,1
"336",7,"C",25,2,0,1,1
"337",7,"C",26,5,8,1,1
"338",7,"C",27,17,15,1,1
"339",7,"C",28,33,25,1,1
"340",7,"C",29,38,34,1,1
"341",7,"C",30,36,41,1,1
"342",7,"C",31,37,38,1,1
"343",7,"C",32,24,18,1,1
"344",7,"C",33,21,15,1,1
"345",7,"C",34,18,20,1,1
"346",7,"C",35,5,11,1,1
"347",7,"C",36,11,8,1,1
"348",7,"C",37,6,1,1,1
"349",7,"C",38,4,1,1,1
"350",7,"C",39,1,1,1,1
"351",7,"C",40,1,1,1,1
"352",7,"C",41,1,1,1,1
"353",8,"A",23,0,1,1,1
"354",8,"A",24,0,2,1,1
"355",8,"A",25,8,2,1,1
"356",8,"A",26,12,8,1,1
"357",8,"A",27,30,28,1,1
"358",8,"A",28,44,47,1,1
"359",8,"A",29,60,53,1,1
"360",8,"A",30,66,61,1,1
"361",8,"A",31,58,47,1,1
"362",8,"A",32,37,30,1,1
"363",8,"A",33,35,32,1,1
"364",8,"A",34,28,41,1,1
"365",8,"A",35,17,18,1,1
"366",8,"A",36,12,12,1,1
"367",8,"A",37,7,4,1,1
"368",8,"A",38,2,2,1,1
"369",8,"A",39,1,1,1,1
"370",8,"A",40,2,0,1,1
"371",8,"A",41,2,1,1,1
"372",8,"A",42,0,2,1,1
"373",8,"C",22,0,1,1,1
"374",8,"C",24,1,2,1,1
"375",8,"C",25,8,3,1,1
"376",8,"C",26,3,7,1,1
"377",8,"C",27,16,17,1,1
"378",8,"C",28,23,35,1,1
"379",8,"C",29,56,46,1,1
"380",8,"C",30,42,51,1,1
"381",8,"C",31,41,36,1,1
"382",8,"C",32,31,37,1,1
"383",8,"C",33,33,31,1,1
"384",8,"C",34,21,21,1,1
"385",8,"C",35,16,14,1,1
"386",8,"C",36,3,11,1,1
"387",8,"C",37,3,3,1,1
"388",8,"C",38,6,4,1,1
"389",8,"C",39,2,0,1,1
"390",8,"C",41,2,0,1,1
"391",8,"C",42,1,0,1,1
"392",8,"C",43,1,0,1,1
"393",9,"A",24,1,0,1,1
"394",9,"A",26,0,2,1,1
"395",9,"A",27,1,1,1,1
"396",9,"A",28,1,0,1,1
"397",9,"A",29,1,0,1,1
"398",9,"A",30,0,2,1,1
"399",9,"A",32,1,0,1,1
"400",9,"A",33,1,1,1,1
"401",9,"A",34,1,0,1,1
"402",9,"A",35,0,1,1,1
"403",9,"B",22,1,0,1,1
"404",9,"B",25,2,1,1,1
"405",9,"B",26,1,4,1,1
"406",9,"B",27,1,3,1,1
"407",9,"B",28,0,6,1,1
"408",9,"B",29,1,2,1,1
"409",9,"B",30,3,0,1,1
"410",9,"B",31,1,0,1,1
"411",9,"B",32,2,1,1,1
"412",9,"B",33,1,0,1,1
"413",9,"B",34,0,1,1,1
"414",9,"B",35,0,2,1,1
"415",9,"B",36,2,2,1,1
"416",9,"B",41,0,1,1,1
"417",9,"C",25,1,1,1,1
"418",9,"C",26,2,2,1,1
"419",9,"C",27,1,0,1,1
"420",9,"C",28,0,2,1,1
"421",9,"C",29,2,0,1,1
"422",9,"C",30,1,0,1,1
"423",9,"C",38,0,1,1,1
"424",9,"C",40,1,0,1,1
"425",9,"D",24,0,1,1,1
"426",9,"D",25,1,1,1,1
"427",9,"D",26,2,0,1,1
"428",9,"D",27,0,1,1,1
"429",9,"D",28,1,2,1,1
"430",9,"D",29,2,1,1,1
"431",9,"D",30,4,0,1,1
"432",9,"D",31,1,0,1,1
"433",9,"D",33,1,0,1,1
"434",9,"D",41,0,1,1,1
"435",10,"A",24,1,1,1,1
"436",10,"A",25,3,3,1,1
"437",10,"A",26,6,6,1,1
"438",10,"A",27,10,7,1,1
"439",10,"A",28,15,6,1,1
"440",10,"A",29,16,7,1,1
"441",10,"A",30,6,11,1,1
"442",10,"A",31,8,5,1,1
"443",10,"A",32,7,7,1,1
"444",10,"A",33,4,4,1,1
"445",10,"A",34,3,2,1,1
"446",10,"A",35,0,2,1,1
"447",10,"A",36,0,1,1,1
"448",10,"A",37,1,0,1,1
"449",10,"B",24,1,1,1,1
"450",10,"B",25,2,0,1,1
"451",10,"B",26,3,4,1,1
"452",10,"B",27,2,4,1,1
"453",10,"B",28,2,6,1,1
"454",10,"B",29,7,6,1,1
"455",10,"B",30,4,5,1,1
"456",10,"B",31,3,4,1,1
"457",10,"B",32,5,0,1,1
"458",10,"B",33,2,0,1,1
"459",10,"B",34,1,0,1,1
"460",10,"B",35,1,0,1,1
"461",10,"B",36,1,1,1,1
"462",10,"B",37,1,0,1,1
"463",10,"C",24,1,0,1,1
"464",10,"C",25,3,5,1,1
"465",10,"C",26,9,11,1,1
"466",10,"C",27,10,14,1,1
"467",10,"C",28,6,16,1,1
"468",10,"C",29,16,11,1,1
"469",10,"C",30,14,10,1,1
"470",10,"C",31,9,3,1,1
"471",10,"C",32,7,9,1,1
"472",10,"C",33,2,6,1,1
"473",10,"C",34,1,4,1,1
"474",10,"C",35,4,0,1,1
"475",10,"C",36,1,0,1,1
"476",10,"C",37,0,2,1,1
"477",10,"C",38,2,1,1,1
"478",10,"C",39,0,1,1,1
"479",10,"D",24,0,1,1,1
"480",10,"D",25,2,1,1,1
"481",10,"D",26,7,5,1,1
"482",10,"D",27,5,3,1,1
"483",10,"D",28,5,9,1,1
"484",10,"D",29,6,7,1,1
"485",10,"D",30,5,3,1,1
"486",10,"D",31,3,2,1,1
"487",10,"D",32,6,1,1,1
"488",10,"D",33,4,5,1,1
"489",10,"D",34,1,1,1,1
"490",10,"D",35,1,1,1,1
"491",10,"D",36,0,2,1,1
"492",10,"D",37,0,1,1,1
"493",11,"A",24,1,0,1,1
"494",11,"A",25,2,4,1,1
"495",11,"A",26,2,9,1,1
"496",11,"A",27,4,9,1,1
"497",11,"A",28,11,7,1,1
"498",11,"A",29,9,16,1,1
"499",11,"A",30,7,8,1,1
"500",11,"A",31,7,5,1,1
"501",11,"A",32,5,5,1,1
"502",11,"A",33,2,2,1,1
"503",11,"A",34,2,1,1,1
"504",11,"A",35,3,1,1,1
"505",11,"A",36,2,1,1,1
"506",11,"A",37,0,1,1,1
"507",11,"A",40,0,1,1,1
"508",11,"A",42,0,1,1,1
"509",11,"A",43,0,1,1,1
"510",11,"B",22,1,0,1,1
"511",11,"B",24,2,1,1,1
"512",11,"B",25,3,6,1,1
"513",11,"B",26,6,9,1,1
"514",11,"B",27,12,14,1,1
"515",11,"B",28,15,9,1,1
"516",11,"B",29,12,9,1,1
"517",11,"B",30,11,11,1,1
"518",11,"B",31,8,14,1,1
"519",11,"B",32,7,4,1,1
"520",11,"B",33,4,5,1,1
"521",11,"B",34,4,0,1,1
"522",11,"B",35,2,2,1,1
"523",11,"B",36,1,2,1,1
"524",11,"B",38,1,0,1,1
"525",11,"B",39,1,0,1,1
"526",11,"B",42,1,0,1,1
"527",11,"B",43,1,0,1,1
"528",11,"C",24,1,0,1,1
"529",11,"C",25,3,2,1,1
"530",11,"C",26,2,8,1,1
"531",11,"C",27,10,13,1,1
"532",11,"C",28,11,8,1,1
"533",11,"C",29,8,12,1,1
"534",11,"C",30,10,8,1,1
"535",11,"C",31,7,5,1,1
"536",11,"C",32,7,2,1,1
"537",11,"C",33,8,7,1,1
"538",11,"C",34,2,0,1,1
"539",11,"C",35,4,3,1,1
"540",11,"C",36,0,1,1,1
"541",11,"C",37,1,1,1,1
"542",11,"C",39,1,0,1,1
"543",12,"A",25,1,0,1,1
"544",12,"A",26,1,1,1,1
"545",12,"A",27,5,5,1,1
"546",12,"A",28,5,2,1,1
"547",12,"A",29,2,4,1,1
"548",12,"A",30,4,0,1,1
"549",12,"A",31,3,2,1,1
"550",12,"A",32,3,1,1,1
"551",12,"A",33,2,2,1,1
"552",12,"A",34,1,0,1,1
"553",12,"A",35,0,1,1,1
"554",12,"A",36,0,1,1,1
"555",12,"A",37,1,2,1,1
"556",12,"A",38,0,2,1,1
"557",12,"A",39,0,2,1,1
"558",12,"A",40,0,2,1,1
"559",12,"A",41,0,1,1,1
"560",12,"A",42,0,3,1,1
"561",12,"A",44,0,1,1,1
"562",12,"B",25,2,2,1,1
"563",12,"B",26,3,5,1,1
"564",12,"B",27,8,4,1,1
"565",12,"B",28,6,3,1,1
"566",12,"B",29,7,5,1,1
"567",12,"B",30,3,3,1,1
"568",12,"B",31,3,1,1,1
"569",12,"B",32,2,3,1,1
"570",12,"B",33,1,3,1,1
"571",12,"B",34,1,0,1,1
"572",12,"B",35,0,1,1,1
"573",12,"C",26,6,1,1,1
"574",12,"C",27,6,6,1,1
"575",12,"C",28,6,4,1,1
"576",12,"C",29,11,2,1,1
"577",12,"C",30,6,5,1,1
"578",12,"C",31,7,1,1,1
"579",12,"C",32,2,1,1,1
"580",12,"C",33,1,2,1,1
"581",12,"C",34,1,0,1,1
"582",12,"C",35,1,0,1,1
"583",12,"C",36,1,0,1,1
"584",12,"C",37,1,0,1,1
"585",12,"D",22,1,0,1,1
"586",12,"D",24,1,0,1,1
"587",12,"D",26,2,1,1,1
"588",12,"D",27,0,1,1,1
"589",12,"D",28,4,2,1,1
"590",12,"D",29,3,1,1,1
"591",12,"D",30,1,2,1,1
"592",12,"D",31,1,2,1,1
"593",12,"D",32,0,2,1,1
"594",12,"D",33,0,1,1,1
"595",12,"D",35,0,1,1,1
"596",13,"A",25,2,3,1,1
"597",13,"A",26,4,2,1,1
"598",13,"A",27,6,4,1,1
"599",13,"A",28,14,8,1,1
"600",13,"A",29,11,12,1,1
"601",13,"A",30,6,8,1,1
"602",13,"A",31,1,1,1,1
"603",13,"A",32,2,4,1,1
"604",13,"A",33,0,1,1,1
"605",13,"A",34,1,1,1,1
"606",13,"A",35,2,0,1,1
"607",13,"A",37,1,0,1,1
"608",13,"A",38,1,0,1,1
"609",13,"B",25,1,2,1,1
"610",13,"B",26,2,2,1,1
"611",13,"B",27,2,1,1,1
"612",13,"B",28,4,0,1,1
"613",13,"B",29,1,3,1,1
"614",13,"B",30,7,1,1,1
"615",13,"B",31,1,0,1,1
"616",13,"B",32,3,2,1,1
"617",13,"B",33,0,1,1,1
"618",13,"B",36,0,1,1,1
"619",13,"D",25,3,1,1,1
"620",13,"D",26,2,3,1,1
"621",13,"D",27,2,2,1,1
"622",13,"D",28,4,2,1,1
"623",13,"D",29,2,1,1,1
"624",13,"D",30,4,1,1,1
"625",13,"D",31,1,0,1,1
"626",13,"D",32,2,0,1,1
"627",13,"D",33,0,1,1,1
"628",13,"D",34,0,1,1,1
"629",13,"D",35,0,1,1,1
"630",14,"B",27,1,1,1,1
"631",14,"B",28,1,1,1,1
"632",14,"B",29,1,2,1,1
"633",14,"B",30,1,1,1,1
"634",14,"B",31,1,3,1,1
"635",14,"B",32,3,0,1,1
"636",14,"B",33,3,4,1,1
"637",14,"B",34,3,4,1,1
"638",14,"B",35,3,2,1,1
"639",14,"B",36,0,4,1,1
"640",14,"B",37,2,2,1,1
"641",14,"B",38,1,0,1,1
"642",14,"C",25,0,1,1,1
"643",14,"C",26,1,0,1,1
"644",14,"C",29,1,1,1,1
"645",14,"C",32,2,0,1,1
"646",14,"C",33,0,1,1,1
"647",14,"C",34,1,1,1,1
"648",14,"C",35,0,1,1,1
"649",14,"C",36,2,0,1,1
"650",14,"C",37,2,0,1,1
"651",14,"D",26,1,1,1,1
"652",14,"D",27,0,1,1,1
"653",14,"D",28,3,3,1,1
"654",14,"D",29,1,0,1,1
"655",14,"D",31,2,2,1,1
"656",14,"D",32,1,3,1,1
"657",14,"D",33,1,3,1,1
"658",14,"D",34,2,7,1,1
"659",14,"D",36,3,1,1,1
"660",14,"D",37,0,1,1,1
"661",14,"D",39,1,0,1,1
"662",14,"D",40,1,0,1,1
"663",14,"D",41,1,0,1,1
"664",14,"D",42,0,1,1,1
"665",15,"C",33,0,1,1,1
"666",15,"C",34,2,0,1,1
"667",15,"C",37,1,0,1,1
"668",15,"C",41,1,0,1,1
"669",16,"A",25,0,1,1,1
"670",16,"A",27,1,0,1,1
"671",16,"A",28,2,2,1,1
"672",16,"A",29,1,2,1,1
"673",16,"A",30,4,3,1,1
"674",16,"A",31,3,0,1,1
"675",16,"A",32,2,1,1,1
"676",16,"A",33,3,1,1,1
"677",16,"A",34,0,2,1,1
"678",16,"A",35,1,1,1,1
"679",16,"A",36,0,3,1,1
"680",16,"A",37,2,0,1,1
"681",16,"A",38,0,1,1,1
"682",16,"A",39,1,1,1,1
"683",16,"A",42,1,0,1,1
"684",16,"B",26,1,1,1,1
"685",16,"B",28,2,1,1,1
"686",16,"B",32,0,2,1,1
"687",16,"B",33,0,2,1,1
"688",16,"B",34,0,1,1,1
"689",16,"B",35,1,0,1,1
"690",16,"B",36,0,1,1,1
"691",16,"B",38,0,1,1,1
"692",16,"B",39,0,1,1,1
"693",16,"B",41,0,1,1,1
"694",16,"C",26,0,2,1,1
"695",16,"C",27,2,2,1,1
"696",16,"C",29,1,2,1,1
"697",16,"C",30,0,1,1,1
"698",16,"C",31,1,2,1,1
"699",16,"C",32,0,1,1,1
"700",16,"C",34,0,1,1,1
"701",16,"C",35,0,3,1,1
"702",16,"C",37,2,1,1,1
"703",16,"C",38,0,1,1,1
"704",16,"C",41,1,0,1,1
"705",16,"C",42,1,1,1,1
"706",16,"D",25,0,1,1,1
"707",16,"D",26,1,0,1,1
"708",16,"D",27,1,1,1,1
"709",16,"D",28,4,1,1,1
"710",16,"D",29,1,1,1,1
"711",16,"D",30,0,3,1,1
"712",16,"D",31,4,3,1,1
"713",16,"D",32,3,3,1,1
"714",16,"D",33,4,4,1,1
"715",16,"D",34,1,2,1,1
"716",16,"D",35,2,0,1,1
"717",16,"D",36,2,0,1,1
"718",16,"D",37,1,0,1,1
"719",17,"A",25,1,2,1,1
"720",17,"A",26,0,2,1,1
"721",17,"A",27,1,3,1,1
"722",17,"A",28,12,5,1,1
"723",17,"A",29,9,11,1,1
"724",17,"A",30,8,6,1,1
"725",17,"A",31,11,7,1,1
"726",17,"A",32,7,7,1,1
"727",17,"A",33,4,8,1,1
"728",17,"A",34,4,9,1,1
"729",17,"A",35,5,3,1,1
"730",17,"A",36,2,4,1,1
"731",17,"A",37,0,1,1,1
"732",17,"A",38,1,1,1,1
"733",17,"A",39,1,0,1,1
"734",17,"A",40,2,0,1,1
"735",17,"A",41,1,0,1,1
"736",17,"B",25,1,1,1,1
"737",17,"B",26,1,2,1,1
"738",17,"B",27,1,4,1,1
"739",17,"B",28,11,5,1,1
"740",17,"B",29,8,4,1,1
"741",17,"B",30,7,6,1,1
"742",17,"B",31,14,5,1,1
"743",17,"B",32,7,4,1,1
"744",17,"B",33,10,5,1,1
"745",17,"B",34,5,9,1,1
"746",17,"B",35,2,2,1,1
"747",17,"B",36,0,4,1,1
"748",17,"B",37,1,1,1,1
"749",17,"B",38,2,1,1,1
"750",17,"B",40,1,0,1,1
"751",17,"B",41,0,1,1,1
"752",17,"B",42,1,0,1,1
"753",17,"C",24,1,0,1,1
"754",17,"C",25,1,0,1,1
"755",17,"C",29,0,2,1,1
"756",17,"C",31,0,1,1,1
"757",17,"C",32,1,2,1,1
"758",17,"C",33,0,1,1,1
"759",17,"C",35,1,0,1,1
"760",17,"C",41,0,2,1,1
"761",17,"D",25,2,1,1,1
"762",17,"D",26,2,2,1,1
"763",17,"D",27,2,1,1,1
"764",17,"D",28,1,3,1,1
"765",17,"D",29,3,2,1,1
"766",17,"D",30,4,0,1,1
"767",17,"D",31,0,5,1,1
"768",17,"D",32,2,2,1,1
"769",17,"D",33,3,3,1,1
"770",17,"D",34,3,2,1,1
"771",17,"D",35,3,0,1,1
"772",17,"D",36,0,1,1,1
"773",17,"D",38,1,0,1,1
"774",18,"A",22,0,1,1,1
"775",18,"A",24,1,0,1,1
"776",18,"A",25,1,1,1,1
"777",18,"A",26,1,4,1,1
"778",18,"A",27,1,6,1,1
"779",18,"A",28,4,6,1,1
"780",18,"A",29,4,8,1,1
"781",18,"A",30,4,7,1,1
"782",18,"A",31,6,5,1,1
"783",18,"A",32,5,3,1,1
"784",18,"A",33,5,8,1,1
"785",18,"A",34,3,3,1,1
"786",18,"A",35,2,5,1,1
"787",18,"A",36,5,1,1,1
"788",18,"A",37,3,4,1,1
"789",18,"A",38,2,0,1,1
"790",18,"A",39,1,0,1,1
"791",18,"A",41,0,1,1,1
"792",18,"B",26,1,0,1,1
"793",18,"B",27,6,2,1,1
"794",18,"B",28,2,3,1,1
"795",18,"B",29,0,7,1,1
"796",18,"B",30,3,5,1,1
"797",18,"B",31,1,1,1,1
"798",18,"B",32,2,3,1,1
"799",18,"B",33,4,5,1,1
"800",18,"B",34,1,5,1,1
"801",18,"B",35,1,1,1,1
"802",18,"B",39,1,0,1,1
"803",18,"B",40,1,0,1,1
"804",18,"C",25,1,0,1,1
"805",18,"C",26,0,3,1,1
"806",18,"C",27,4,2,1,1
"807",18,"C",28,6,3,1,1
"808",18,"C",29,4,3,1,1
"809",18,"C",30,2,2,1,1
"810",18,"C",31,3,3,1,1
"811",18,"C",32,1,1,1,1
"812",18,"C",33,2,2,1,1
"813",18,"C",34,1,2,1,1
"814",18,"C",35,4,0,1,1
"815",18,"C",36,0,2,1,1
"816",18,"C",39,1,0,1,1
"817",18,"C",40,1,0,1,1
"818",18,"D",25,1,1,1,1
"819",18,"D",26,0,1,1,1
"820",18,"D",27,3,2,1,1
"821",18,"D",28,0,4,1,1
"822",18,"D",29,2,4,1,1
"823",18,"D",30,2,1,1,1
"824",18,"D",31,1,0,1,1
"825",18,"D",32,2,4,1,1
"826",18,"D",33,1,4,1,1
"827",18,"D",34,4,3,1,1
"828",18,"D",35,5,2,1,1
"829",18,"D",37,1,2,1,1
"830",18,"D",38,2,0,1,1
"831",18,"D",39,1,0,1,1
"832",18,"D",42,1,0,1,1
"833",19,"A",25,1,0,1,1
"834",19,"A",27,0,1,1,1
"835",19,"A",28,0,1,1,1
"836",19,"A",29,0,2,1,1
"837",19,"A",33,0,1,1,1
"838",19,"A",34,0,1,1,1
"839",19,"A",35,1,1,1,1
"840",19,"A",36,0,1,1,1
"841",19,"A",37,0,2,1,1
"842",19,"A",38,0,1,1,1
"843",19,"B",24,1,0,1,1
"844",19,"B",25,1,0,1,1
"845",19,"B",26,1,0,1,1
"846",19,"B",27,0,1,1,1
"847",19,"B",28,1,4,1,1
"848",19,"B",29,1,3,1,1
"849",19,"B",31,1,1,1,1
"850",19,"B",32,1,1,1,1
"851",19,"B",33,1,2,1,1
"852",19,"B",34,1,2,1,1
"853",19,"B",36,1,0,1,1
"854",19,"B",39,1,0,1,1
"855",19,"B",41,1,0,1,1
"856",19,"C",26,0,2,1,1
"857",19,"C",27,2,3,1,1
"858",19,"C",28,1,2,1,1
"859",19,"C",29,1,0,1,1
"860",19,"C",30,0,2,1,1
"861",19,"C",31,2,1,1,1
"862",19,"C",32,0,3,1,1
"863",19,"C",33,1,1,1,1
"864",19,"C",34,0,1,1,1
"865",19,"C",35,1,1,1,1
"866",19,"C",36,1,0,1,1
"867",19,"D",29,1,2,1,1
"868",19,"D",30,0,1,1,1
"869",19,"D",31,0,2,1,1
"870",19,"D",34,2,0,1,1
"871",19,"D",35,1,1,1,1
"872",19,"D",40,1,0,1,1
"873",20,"A",26,0,1,1,1
"874",20,"A",27,1,1,1,1
"875",20,"A",29,1,0,1,1
"876",20,"A",32,1,0,1,1
"877",20,"A",33,0,1,1,1
"878",20,"A",34,1,0,1,1
"879",20,"B",22,1,0,1,1
"880",20,"B",26,1,1,1,1
"881",20,"B",27,3,0,1,1
"882",20,"B",28,1,1,1,1
"883",20,"B",29,1,1,1,1
"884",20,"B",30,1,0,1,1
"885",20,"B",31,4,0,1,1
"886",20,"B",32,1,1,1,1
"887",20,"B",33,3,1,1,1
"888",20,"B",34,1,1,1,1
"889",20,"B",38,1,1,1,1
"890",20,"C",27,4,1,1,1
"891",20,"C",28,1,1,1,1
"892",20,"C",29,0,3,1,1
"893",20,"C",30,1,2,1,1
"894",20,"C",31,0,2,1,1
"895",20,"C",32,0,1,1,1
"896",20,"C",34,1,0,1,1
"897",20,"C",35,0,2,1,1
"898",20,"C",38,0,1,1,1
"899",20,"D",27,2,2,1,1
"900",20,"D",28,0,2,1,1
"901",20,"D",29,1,1,1,1
"902",20,"D",30,1,3,1,1
"903",20,"D",31,2,2,1,1
"904",20,"D",32,0,1,1,1
"905",20,"D",33,2,1,1,1
"906",20,"D",34,1,0,1,1
"907",20,"D",35,1,0,1,1
"908",20,"D",36,1,0,1,1
"909",20,"D",37,1,1,1,1
"910",20,"D",38,1,0,1,1
"911",20,"D",40,0,1,1,1
